Family size,Number of members,Mean,Median,S D
1,36,123.47,116,86.59936749
2,30,122.866,128.5,85.46516821
3,32,143.045,112,99.02676917
4,45,121.777,119,83.28091537
5,32,122.375,131,82.99665844
6,34,124.235,123,83.60477027
7,41,129,128,86.09449325
